left_elbow_angle,right_elbow_angle,shoulder_hip_dist,view_type,label
135.44,173.69,0.326,2,1
135.3,174.0,0.325,2,1
164.11,173.59,0.3219,2,1
169.7,174.12,0.3187,2,1
156.89,172.51,0.3229,2,1
146.3,172.73,0.3229,2,1
138.75,171.13,0.326,2,1
136.61,171.09,0.3219,2,1
158.04,170.62,0.3219,2,1
134.95,172.7,0.3281,2,1
128.24,174.83,0.3333,2,1
126.76,174.83,0.3312,2,1
126.56,172.67,0.3292,2,1
155.01,173.86,0.3281,2,1
154.94,169.51,0.3292,2,1
160.03,174.46,0.3281,0,-1
159.22,171.86,0.3271,0,-1
154.78,170.25,0.3219,0,-1
153.42,178.53,0.3208,0,-1
158.76,175.91,0.3198,0,-1
161.11,174.24,0.3156,0,-1
158.29,175.99,0.3115,0,-1
165.6,179.89,0.3052,0,1
164.18,178.48,0.2958,0,-1
164.99,178.92,0.2958,0,-1
165.56,177.91,0.2969,0,1
168.12,174.3,0.2969,0,1
170.7,179.02,0.2948,0,1
166.74,179.82,0.2948,0,1
173.0,178.71,0.2938,0,1
178.52,174.3,0.2927,0,1
179.81,171.8,0.2906,0,1
173.65,173.0,0.2896,0,1
173.39,172.63,0.2875,0,1
173.48,174.03,0.2885,0,1
171.59,176.23,0.2885,0,1
171.05,175.65,0.2865,0,1
169.97,177.46,0.2865,0,1
170.62,177.12,0.2865,0,1
169.57,176.8,0.2896,0,1
170.39,177.3,0.2875,0,1
169.63,176.28,0.2885,0,1
170.19,173.65,0.2854,0,1
169.96,174.11,0.2854,0,1
170.91,172.29,0.2865,0,1
171.72,174.11,0.2875,0,1
168.89,172.35,0.2875,0,1
170.68,173.1,0.2865,0,1
170.5,171.14,0.2865,0,1
171.29,171.4,0.2875,0,1
169.28,171.2,0.2865,0,1
167.39,174.17,0.2844,0,1
168.18,173.98,0.2865,0,1
168.18,172.44,0.2844,0,1
167.97,173.19,0.2854,0,1
167.92,172.91,0.2885,0,1
167.92,174.07,0.2885,0,1
171.53,174.88,0.2885,0,1
169.49,174.31,0.2875,0,1
170.49,174.15,0.2854,0,1
171.27,175.89,0.2844,0,1
172.3,176.21,0.2844,0,1
172.59,176.24,0.2802,0,1
171.73,177.4,0.2802,0,1
171.95,179.55,0.2781,0,1
171.34,179.46,0.2781,0,1
170.71,177.35,0.2812,0,1
170.54,177.97,0.2833,0,1
170.18,176.02,0.2812,0,1
169.8,174.13,0.2844,0,1
169.32,179.88,0.2833,0,1
169.54,177.13,0.274,0,1
169.47,176.19,0.2646,0,1
166.45,176.96,0.2656,0,1
167.57,178.93,0.2656,0,1
163.06,179.34,0.2615,0,-1
159.85,179.39,0.2635,0,-1
154.45,179.86,0.276,0,-1
152.98,175.66,0.2865,0,-1
154.03,177.68,0.2833,0,-1
152.78,178.02,0.2823,0,-1
151.12,176.91,0.2844,2,1
153.77,177.18,0.2865,2,1
153.46,177.75,0.2875,2,1
153.82,176.02,0.2885,2,1
153.04,174.0,0.2948,2,1
152.35,179.9,0.2958,2,1
151.59,177.8,0.299,2,1
151.32,169.94,0.299,2,1
150.38,167.47,0.3021,2,1
149.74,169.87,0.3052,2,1
147.28,166.79,0.3073,2,1
146.14,164.91,0.3104,2,1
144.39,165.94,0.3115,2,1
142.96,165.01,0.3125,2,1
140.21,163.49,0.3156,2,1
141.95,163.11,0.3104,2,1
137.86,165.4,0.3094,2,1
138.22,166.03,0.3073,2,1
132.55,171.63,0.3083,2,1
127.62,172.9,0.3021,2,1
127.52,173.19,0.2917,2,1
126.09,174.25,0.2781,2,1
124.37,176.73,0.2687,2,1
124.59,171.82,0.2667,2,1
126.72,169.72,0.2625,2,1
121.21,172.9,0.2604,2,1
119.56,171.8,0.2583,2,1
119.83,168.18,0.2604,2,1
116.94,166.17,0.2562,2,1
116.39,163.69,0.2552,2,1
118.95,161.67,0.2594,2,1
116.05,164.81,0.2615,2,1
115.68,160.12,0.2625,2,1
117.39,164.21,0.2635,2,1
116.43,164.41,0.2625,2,1
114.99,168.12,0.2625,2,1
115.39,169.33,0.2635,2,1
114.08,169.79,0.2646,2,1
115.61,168.37,0.2656,2,1
116.05,166.79,0.2667,2,1
115.33,166.31,0.2646,2,1
115.83,164.68,0.2635,2,1
114.63,167.42,0.2635,2,1
112.93,167.47,0.2615,2,1
112.7,163.55,0.2625,2,1
113.05,163.55,0.2635,2,1
113.6,163.68,0.2625,2,1
111.36,165.61,0.2698,2,1
109.6,163.51,0.2687,2,1
109.6,165.89,0.2687,2,1
108.0,167.14,0.2698,2,1
108.0,167.14,0.2698,2,1
108.0,166.69,0.2687,2,1
104.73,166.69,0.2687,2,1
104.71,164.79,0.2687,2,1
106.3,167.05,0.2687,2,1
109.48,167.05,0.2667,2,1
110.44,166.15,0.2667,2,1
115.12,165.99,0.2646,2,1
118.03,166.85,0.2635,2,1
117.93,167.73,0.2635,2,1
119.51,166.25,0.2625,2,1
120.93,166.7,0.2635,2,1
122.87,167.68,0.2635,2,1
124.23,168.18,0.2635,2,1
124.62,170.2,0.2625,2,1
123.8,169.7,0.2604,2,1
124.11,170.2,0.2625,2,1
124.78,168.38,0.2635,2,1
124.75,166.49,0.2625,2,1
124.11,167.47,0.2646,2,1
126.35,167.47,0.2677,2,1
126.35,163.73,0.2687,2,1
125.62,162.06,0.2687,2,1
125.62,162.69,0.2719,2,1
127.65,162.52,0.275,2,1
130.57,162.66,0.2781,2,1
129.81,163.31,0.2802,2,1
132.37,164.37,0.2833,2,1
130.84,164.14,0.2854,2,1
132.38,162.85,0.2885,2,1
134.68,162.11,0.2938,2,1
136.8,161.63,0.2938,2,1
136.34,163.25,0.2917,2,1
137.85,163.25,0.2906,2,1
139.49,162.76,0.2917,2,1
140.05,161.98,0.2917,2,1
142.41,161.31,0.2906,2,1
145.62,160.54,0.2927,2,1
147.36,161.65,0.2927,2,1
149.77,160.24,0.2948,2,1
151.03,158.82,0.2948,2,1
153.01,159.0,0.2958,2,1
152.16,159.35,0.2958,2,1
154.14,160.66,0.2969,2,1
154.51,160.34,0.2979,2,1
154.83,161.08,0.2969,2,1
154.43,159.8,0.2969,2,1
155.16,160.54,0.2969,2,1
155.16,159.3,0.2969,2,1
154.16,160.32,0.2969,0,-1
152.88,160.32,0.2958,0,-1
150.25,161.5,0.2979,0,-1
148.71,161.74,0.2979,0,-1
148.71,162.02,0.2958,0,-1
149.12,167.94,0.2958,2,1
148.88,167.37,0.2927,0,-1
148.62,171.85,0.2927,2,1
151.45,176.55,0.2917,0,-1
153.51,175.22,0.2885,0,-1
155.49,178.59,0.2854,0,-1
155.81,179.58,0.2823,0,-1
156.15,178.25,0.2802,0,-1
155.69,179.97,0.2781,0,-1
154.99,179.6,0.2812,0,-1
153.78,178.78,0.2885,2,1
153.02,179.27,0.2917,2,1
146.12,177.98,0.2896,0,-1
143.71,175.88,0.2885,0,-1
136.54,179.81,0.2896,0,-1
128.35,175.58,0.2885,0,-1
125.03,173.29,0.2771,0,-1
120.95,170.07,0.276,0,-1
119.38,172.93,0.276,0,-1
113.56,171.34,0.274,0,-1
111.31,173.42,0.2677,0,-1
109.81,170.83,0.2656,2,1
107.94,169.95,0.2667,2,1
106.59,169.34,0.2635,2,1
94.88,166.89,0.2667,2,1
94.22,167.33,0.2677,2,1
88.16,170.18,0.2698,2,1
85.95,164.2,0.2667,2,1
78.26,164.66,0.2635,2,1
75.39,164.35,0.2552,2,1
71.03,162.53,0.2448,2,1
69.71,158.3,0.2437,2,1
71.08,158.32,0.2333,2,1
71.98,176.59,0.2188,2,1
69.84,177.87,0.2042,2,1
65.45,175.74,0.1917,2,1
61.79,179.35,0.1875,2,1
61.41,171.57,0.1865,2,1
60.17,154.78,0.1833,2,1
63.29,160.7,0.175,2,1
60.5,134.36,0.1667,2,-1
62.14,126.26,0.1573,2,-1
70.5,151.37,0.1448,2,1
69.11,151.81,0.1354,2,1
69.84,173.09,0.1146,2,1
81.01,166.58,0.1115,2,1
108.5,166.77,0.1031,2,1
120.26,168.42,0.0969,2,1
133.91,174.3,0.0865,2,1
137.21,175.21,0.0823,2,1
134.72,173.57,0.0833,2,1
143.3,171.49,0.0729,2,1
144.91,173.14,0.0604,2,1
148.13,176.97,0.051,2,1
145.84,179.14,0.0437,2,1
144.86,178.01,0.0406,2,1
150.17,177.99,0.0312,2,1
146.09,177.36,0.0271,2,1
150.38,178.18,0.026,2,1
151.92,179.85,0.024,2,1
153.35,176.79,0.026,2,1
155.25,177.54,0.0292,2,1
153.93,178.39,0.0323,2,1
153.0,176.85,0.0365,2,1
153.87,177.87,0.0385,2,1
160.7,178.56,0.0448,2,1
159.54,177.06,0.0469,2,1
158.77,174.73,0.049,2,1
161.72,173.02,0.049,2,1
160.55,176.36,0.049,2,1
157.58,179.92,0.0521,2,1
154.75,173.95,0.0542,2,1
152.65,165.97,0.0552,2,1
154.15,157.99,0.0531,2,1
159.47,158.87,0.0563,2,1
161.08,157.3,0.0604,2,1
162.03,159.78,0.0625,2,1
163.39,160.45,0.0635,2,1
159.59,161.63,0.0667,2,1
157.98,163.9,0.0667,2,1
158.06,161.77,0.0688,2,1
156.11,164.69,0.074,2,1
154.54,165.35,0.076,2,1
154.58,162.47,0.0719,2,1
153.81,166.1,0.0719,2,1
156.63,164.4,0.0667,2,1
154.61,162.15,0.0656,2,1
156.01,159.58,0.0625,2,1
156.08,160.61,0.0625,2,1
156.72,164.54,0.0615,2,1
155.95,163.32,0.0594,2,1
154.02,162.08,0.0604,2,1
153.71,156.21,0.0635,2,1
152.36,158.42,0.0635,2,1
155.28,157.39,0.0646,2,1
157.66,152.81,0.0656,2,1
161.68,152.64,0.0625,2,1
160.48,152.06,0.0625,2,1
158.14,151.9,0.0604,2,1
162.16,156.97,0.0604,2,1
165.87,156.38,0.0594,2,1
164.89,159.03,0.0635,2,1
169.83,163.76,0.0688,2,1
167.24,161.32,0.0833,2,1
171.29,148.06,0.0906,2,-1
171.57,148.89,0.0896,2,-1
172.63,155.54,0.0927,2,1
170.9,153.93,0.0948,2,1
155.22,148.97,0.0958,2,-1
149.67,154.14,0.099,2,1
144.16,157.86,0.1021,2,1
140.36,156.55,0.1094,2,1
139.63,147.97,0.1104,2,-1
138.0,157.2,0.1229,2,1
142.44,164.51,0.125,2,1
150.08,169.45,0.124,2,1
159.71,165.82,0.125,2,1
161.73,163.16,0.1354,2,1
164.23,157.95,0.1385,2,1
167.32,151.65,0.1375,2,1
167.4,144.24,0.1365,2,-1
167.03,140.21,0.1365,2,-1
168.33,152.04,0.1375,2,1
168.19,150.53,0.1385,2,1
168.9,149.56,0.1375,2,-1
168.99,148.07,0.1365,2,-1
168.43,148.99,0.1365,2,-1
168.02,155.33,0.1354,2,1
168.59,159.67,0.1354,2,1
168.47,155.9,0.1344,2,1
169.03,156.11,0.1333,2,1
168.39,153.58,0.1302,2,1
170.11,154.68,0.1302,2,1
170.36,164.69,0.1292,2,1
171.38,162.71,0.1292,2,1
171.26,165.5,0.124,2,1
171.08,161.66,0.1177,2,1
170.07,163.84,0.1156,2,1
168.65,158.16,0.1135,2,1
168.03,161.85,0.1135,2,1
167.93,164.76,0.1135,2,1
166.65,160.19,0.1125,2,1
167.4,156.67,0.1115,2,1
167.02,150.57,0.1052,2,1
166.93,150.03,0.1031,2,1
166.33,148.91,0.1031,2,-1
165.46,151.69,0.1021,2,1
156.17,154.16,0.1031,2,1
161.61,156.18,0.101,2,1
165.71,158.57,0.099,2,1
167.19,159.2,0.0969,2,1
169.72,166.5,0.0979,2,1
168.82,170.48,0.099,2,1
169.75,169.94,0.1062,2,1
169.88,170.48,0.1104,2,1
169.49,168.67,0.1115,2,1
169.12,168.82,0.1125,2,1
166.41,166.34,0.1135,2,1
165.34,164.52,0.1135,2,1
166.41,156.06,0.1146,2,1
168.09,162.12,0.1125,2,1
169.2,166.19,0.1083,2,1
168.79,165.49,0.1094,2,1
154.08,165.17,0.1042,2,1
138.54,152.58,0.101,2,1
138.04,157.83,0.1052,2,1
151.04,158.76,0.1073,2,1
156.91,159.74,0.1083,2,1
159.47,146.21,0.1062,2,-1
161.52,148.8,0.1052,2,-1
146.08,153.99,0.1062,2,1
141.07,151.22,0.1073,2,1
142.5,159.17,0.1094,2,1
142.55,159.85,0.1104,2,1
142.98,167.55,0.1156,2,1
143.42,161.77,0.1125,2,1
139.24,156.38,0.1135,2,1
159.27,154.16,0.1219,2,1
162.53,154.67,0.1271,2,1
162.18,156.18,0.1375,2,1
163.36,177.75,0.149,2,1
165.84,178.54,0.15,2,1
167.57,176.42,0.1458,2,1
167.27,175.27,0.1469,2,1
167.63,167.23,0.149,2,1
168.22,164.02,0.15,2,1
168.54,149.14,0.1562,2,-1
166.64,143.67,0.1594,2,-1
166.48,149.57,0.1552,2,-1
166.9,150.13,0.1562,2,1
164.54,155.87,0.1562,2,1
162.85,154.88,0.1542,2,1
163.02,162.62,0.1521,2,1
162.16,171.34,0.1542,2,1
164.02,168.01,0.1521,2,1
162.9,163.78,0.151,2,1
164.41,172.3,0.1531,2,1
164.41,172.99,0.1521,2,1
167.27,176.05,0.1542,2,1
167.86,174.09,0.1542,2,1
167.59,168.44,0.1552,2,1
168.45,168.18,0.1552,2,1
168.6,170.06,0.1583,2,1
168.73,169.73,0.1583,2,1
168.73,161.86,0.1594,2,1
168.13,161.2,0.1583,2,1
168.81,162.92,0.1562,2,1
168.53,157.94,0.1562,2,1
168.53,154.77,0.1604,2,1
166.25,157.94,0.1625,2,1
164.95,157.31,0.1625,2,1
161.69,160.0,0.1656,2,1
160.31,159.7,0.1688,2,1
157.55,165.16,0.1688,2,1
152.73,165.91,0.1719,2,1
148.12,148.97,0.1781,2,-1
143.17,140.33,0.1844,2,-1
138.96,133.81,0.1854,2,-1
133.96,114.68,0.1885,2,-1
132.31,112.6,0.1906,2,-1
130.35,102.65,0.1938,2,-1
126.86,112.05,0.1875,2,-1
119.11,105.5,0.1844,2,-1
106.66,99.47,0.1844,2,-1
105.89,96.56,0.1865,2,-1
101.36,90.44,0.1875,2,-1
97.75,77.83,0.1823,2,-1
93.24,71.43,0.176,2,0
89.42,66.93,0.176,2,0
86.04,64.87,0.1698,2,0
82.98,64.46,0.1625,2,0
85.57,65.66,0.1615,2,0
81.85,62.2,0.1562,2,0
79.04,62.16,0.1521,2,0
76.83,61.39,0.1469,2,0
77.61,61.91,0.1479,2,0
77.19,61.24,0.1448,2,0
77.7,60.89,0.1458,2,0
78.97,64.12,0.149,2,0
79.01,63.16,0.149,2,0
80.02,60.58,0.149,2,0
87.48,59.47,0.1594,2,0
92.07,62.15,0.1677,2,0
96.11,76.73,0.1812,2,-1
95.93,80.37,0.1802,2,-1
97.93,86.34,0.1833,2,-1
106.21,106.71,0.1906,2,-1
115.85,111.9,0.1938,2,-1
124.21,131.1,0.2,2,-1
133.27,132.08,0.2031,2,-1
138.31,139.42,0.2,2,-1
144.77,151.97,0.2,2,1
147.67,154.78,0.2021,2,1
152.23,159.28,0.1958,2,1
159.9,167.72,0.1948,2,1
163.46,160.84,0.1906,2,1
166.49,157.02,0.1833,2,1
166.0,155.48,0.175,2,1
165.89,158.0,0.1656,2,1
165.03,158.11,0.1604,2,1
165.03,156.47,0.1625,2,1
164.15,149.23,0.1625,2,-1
162.23,151.5,0.1615,2,1
162.48,152.48,0.1573,2,1
162.84,161.46,0.1521,2,1
163.87,159.95,0.149,2,1
163.84,156.04,0.1417,2,1
166.45,155.08,0.1406,2,1
169.22,153.54,0.1448,2,1
158.18,146.35,0.1448,2,-1
165.4,144.95,0.1427,2,-1
169.66,149.21,0.1427,2,-1
171.77,157.52,0.1437,2,1
173.22,170.68,0.1458,2,1
174.83,174.29,0.1458,2,1
174.36,174.63,0.1531,2,1
174.7,170.78,0.1583,2,1
172.0,166.39,0.1594,2,1
172.93,165.57,0.1615,2,1
169.76,170.58,0.1677,2,1
168.36,170.57,0.1719,2,1
168.31,173.38,0.174,2,1
167.02,170.18,0.1781,2,1
165.81,165.77,0.1812,2,1
165.69,162.54,0.1833,2,1
164.29,159.0,0.1854,2,1
164.95,158.41,0.1865,2,1
166.13,160.19,0.1854,2,1
166.39,157.86,0.1865,2,1
166.17,153.95,0.1865,2,1
167.11,151.31,0.1875,2,1
164.95,156.85,0.1875,2,1
165.02,158.18,0.1854,2,1
164.31,160.85,0.1844,2,1
164.58,162.38,0.1844,2,1
164.12,163.85,0.1812,2,1
164.15,165.17,0.1802,2,1
163.83,167.55,0.1802,2,1
163.83,169.16,0.1802,2,1
162.89,169.45,0.1802,2,1
163.13,168.96,0.1792,2,1
163.15,169.42,0.1781,2,1
164.13,165.01,0.1781,2,1
164.22,165.29,0.1792,2,1
164.22,166.37,0.1792,2,1
164.22,160.51,0.1792,2,1
165.19,159.38,0.1802,2,1
165.19,160.16,0.1802,2,1
163.99,161.12,0.1812,2,1
164.22,162.38,0.1812,2,1
163.89,162.67,0.1812,2,1
164.73,164.16,0.1812,2,1
164.53,162.38,0.1823,2,1
164.17,159.2,0.1833,2,1
164.17,155.61,0.1833,2,1
164.17,154.97,0.1833,2,1
165.37,150.78,0.1823,2,1
163.96,153.53,0.1823,2,1
163.96,155.41,0.1812,2,1
163.87,158.41,0.1802,2,1
161.7,160.39,0.1812,2,1
162.03,160.39,0.1812,2,1
162.02,157.38,0.1823,2,1
162.02,155.84,0.1833,2,1
162.44,155.45,0.1844,2,1
161.48,156.41,0.1865,2,1
161.26,153.39,0.1865,2,1
161.48,154.5,0.1875,2,1
158.24,153.36,0.1875,2,1
154.89,138.51,0.1917,2,-1
150.13,130.61,0.1979,2,-1
148.02,129.72,0.201,2,-1
146.35,117.39,0.2,2,-1
143.54,108.12,0.1948,2,-1
136.54,104.89,0.1958,2,-1
130.98,102.43,0.1906,2,-1
126.95,104.65,0.1938,2,-1
122.19,97.86,0.1927,2,-1
120.75,91.11,0.1958,2,-1
115.46,87.58,0.2,2,-1
110.65,79.45,0.1906,2,-1
105.01,74.5,0.1844,2,0
96.7,75.23,0.1885,2,-1
95.77,67.25,0.1833,2,0
87.93,53.13,0.1729,2,0
83.99,54.36,0.1656,2,0
83.69,48.28,0.1604,2,0
80.21,47.72,0.1521,2,0
77.17,53.31,0.1458,2,0
76.49,51.56,0.1437,2,0
77.27,52.32,0.1406,2,0
77.79,52.39,0.1396,2,0
77.97,54.15,0.1365,2,0
76.47,55.14,0.1354,2,0
77.74,57.85,0.1375,2,0
77.83,60.14,0.1406,2,0
77.02,64.66,0.1375,2,0
77.43,61.21,0.1354,2,0
77.83,61.77,0.1375,2,0
83.02,61.58,0.1396,2,0
89.91,63.88,0.1448,2,0
98.11,70.27,0.1531,2,0
100.05,83.66,0.1604,2,-1
101.05,90.0,0.1688,2,-1
107.05,101.47,0.1844,2,-1
126.17,112.54,0.1823,2,-1
133.91,130.6,0.1938,2,-1
136.8,136.12,0.2115,2,-1
138.97,137.29,0.2146,2,-1
146.18,145.63,0.2073,2,-1
149.81,151.92,0.2052,2,1
152.55,153.27,0.2021,2,1
154.0,154.23,0.1979,2,1
155.12,156.8,0.1948,2,1
155.57,155.77,0.1917,2,1
156.42,152.06,0.1906,2,1
155.62,151.35,0.1885,2,1
155.83,149.38,0.1875,2,-1
157.04,143.35,0.1885,2,-1
157.33,147.11,0.1875,2,-1
156.78,145.82,0.1885,2,-1
156.78,144.45,0.1865,2,-1
156.52,144.04,0.1865,2,-1
156.23,143.48,0.1865,2,-1
155.69,142.4,0.1875,2,-1
149.91,140.49,0.1885,2,-1
145.99,135.47,0.1917,2,-1
142.56,126.05,0.1906,2,-1
140.39,119.48,0.1885,2,-1
137.64,119.02,0.1865,2,-1
134.3,118.1,0.1958,2,-1
134.05,109.62,0.1906,2,-1
133.69,105.61,0.1948,2,-1
133.11,105.23,0.1948,2,-1
131.47,99.12,0.1938,2,-1
125.98,93.11,0.1948,2,-1
116.29,85.46,0.1906,2,-1
109.74,84.09,0.1906,2,-1
102.89,73.65,0.1917,2,0
98.04,61.96,0.1958,2,0
93.93,60.87,0.1792,2,0
87.64,57.67,0.1802,2,0
83.99,57.64,0.175,2,0
80.84,62.11,0.1688,2,0
77.43,72.19,0.1656,2,0
77.77,71.06,0.1625,2,0
74.49,63.33,0.1542,2,0
73.66,56.65,0.15,2,0
75.1,54.91,0.1479,2,0
75.12,54.93,0.1458,2,0
74.73,57.0,0.1448,2,0
77.28,56.62,0.1448,2,0
77.0,57.84,0.1458,2,0
76.58,57.14,0.1437,2,0
76.7,57.11,0.1427,2,0
76.05,55.44,0.1427,2,0
79.67,56.31,0.1479,2,0
83.78,59.6,0.1521,2,0
86.14,61.47,0.1562,2,0
87.19,64.54,0.1573,2,0
90.87,69.29,0.1646,2,0
98.68,74.81,0.1781,2,0
106.66,87.67,0.1938,2,-1
114.82,109.91,0.2,2,-1
124.18,124.26,0.2031,2,-1
126.11,123.17,0.2,2,-1
136.73,131.03,0.2031,2,-1
141.55,133.61,0.2135,2,-1
145.86,143.38,0.2156,2,-1
150.81,143.8,0.2156,2,-1
152.73,142.76,0.2146,2,-1
153.91,146.99,0.2083,2,-1
153.76,152.17,0.201,2,1
154.78,151.16,0.1969,2,1
156.35,150.62,0.1906,2,1
156.89,155.45,0.1865,2,1
156.77,159.47,0.1833,2,1
156.84,158.21,0.1833,2,1
158.64,156.21,0.1844,2,1
159.84,156.93,0.1833,2,1
160.48,156.84,0.1844,2,1
159.92,154.96,0.1854,2,1
158.73,155.28,0.1875,2,1
157.24,153.98,0.1896,2,1
153.73,147.45,0.1979,2,-1
150.88,144.54,0.2,2,-1
149.19,135.8,0.2031,2,-1
144.28,119.62,0.2052,2,-1
137.7,115.03,0.2,2,-1
134.46,120.61,0.2073,2,-1
133.66,113.97,0.2052,2,-1
132.54,106.87,0.2083,2,-1
130.08,98.43,0.2073,2,-1
126.42,93.48,0.2021,2,-1
124.97,89.04,0.199,2,-1
120.5,81.06,0.1958,2,-1
111.89,77.52,0.1896,2,-1
106.54,81.17,0.1865,2,-1
102.99,79.55,0.1833,2,-1
98.63,67.71,0.175,2,0
92.3,64.78,0.1719,2,0
84.75,69.12,0.1698,2,0
82.71,68.4,0.1615,2,0
78.42,70.86,0.1448,2,0
80.04,50.03,0.1531,2,0
78.32,69.25,0.1562,2,0
76.78,61.64,0.1521,2,0
76.91,57.67,0.1531,2,0
76.69,56.03,0.151,2,0
75.77,54.52,0.1479,2,0
76.51,54.0,0.1417,2,0
71.75,53.04,0.1302,2,0
75.02,58.11,0.1354,2,0
74.07,56.73,0.1302,2,0
73.18,59.39,0.1302,2,0
73.18,60.12,0.1302,2,0
76.08,59.1,0.1333,2,0
76.56,53.98,0.1344,2,0
85.27,52.63,0.1521,2,0
86.12,60.37,0.1437,2,0
98.87,83.13,0.1677,2,-1
103.52,118.42,0.1812,2,-1
106.16,126.65,0.1875,2,-1
111.94,146.61,0.199,2,-1
116.98,155.15,0.2062,2,1
126.38,131.96,0.2167,2,-1
132.82,125.08,0.225,2,-1
133.44,121.29,0.2198,2,-1
137.89,128.42,0.2208,2,-1
145.08,127.46,0.2156,2,-1
149.1,134.7,0.2104,2,-1
153.36,133.03,0.2031,2,-1
157.96,137.73,0.1969,2,-1
155.61,144.53,0.1958,2,-1
156.05,147.73,0.1906,2,-1
155.34,149.95,0.1875,2,-1
154.0,149.51,0.1844,2,-1
152.41,149.57,0.1833,2,-1
152.38,153.18,0.1833,2,1
152.68,152.59,0.1833,2,1
152.95,151.47,0.1833,2,1
153.84,151.31,0.1854,2,1
152.94,151.27,0.1854,2,1
152.07,152.68,0.1865,2,1
150.9,151.73,0.1885,2,1
151.9,149.17,0.1958,2,-1
151.48,142.65,0.201,2,-1
150.0,143.15,0.2021,2,-1
146.92,138.76,0.201,2,-1
143.57,131.06,0.2042,2,-1
142.55,126.35,0.2083,2,-1
139.16,117.92,0.2125,2,-1
137.35,116.34,0.2135,2,-1
136.53,113.66,0.2135,2,-1
134.05,113.15,0.2135,2,-1
133.02,107.54,0.2115,2,-1
129.8,94.33,0.2083,2,-1
126.98,88.83,0.2062,2,-1
116.27,85.14,0.2031,2,-1
111.88,83.67,0.2042,2,-1
108.38,82.9,0.2021,2,-1
108.99,73.84,0.199,2,0
104.53,67.13,0.1917,2,0
93.76,55.29,0.1792,2,0
92.63,55.07,0.176,2,0
85.44,55.85,0.1677,2,0
83.11,53.92,0.1615,2,0
81.76,46.55,0.1594,2,0
80.35,43.99,0.1552,2,0
78.88,46.14,0.1521,2,0
79.07,45.9,0.1479,2,0
80.69,50.5,0.149,2,0
80.03,50.69,0.151,2,0
80.14,51.69,0.151,2,0
80.5,52.68,0.1479,2,0
82.61,53.12,0.15,2,0
83.61,54.1,0.1521,2,0
83.65,53.59,0.1531,2,0
84.46,59.7,0.1594,2,0
89.43,60.89,0.1635,2,0
94.4,62.86,0.1708,2,0
100.89,79.15,0.1833,2,-1
104.88,97.39,0.1948,2,-1
112.98,101.93,0.199,2,-1
107.55,106.42,0.2031,2,-1
113.03,120.56,0.2219,2,-1
128.88,125.23,0.2229,2,-1
140.73,133.32,0.2177,2,-1
145.7,147.48,0.2198,2,-1
143.1,138.95,0.224,2,-1
147.6,136.23,0.224,2,-1
149.4,137.39,0.225,2,-1
154.09,138.79,0.2198,2,-1
155.99,144.6,0.2146,2,-1
155.24,152.52,0.2125,2,1
157.88,155.94,0.2094,2,1
158.46,153.95,0.2094,2,1
156.73,150.62,0.2073,2,1
154.98,153.43,0.2052,2,1
156.71,152.69,0.2042,2,1
156.45,147.18,0.2031,2,-1
155.26,145.87,0.2021,2,-1
154.34,141.63,0.2021,2,-1
151.74,140.53,0.2021,2,-1
151.45,140.43,0.2042,2,-1
151.38,140.53,0.2021,2,-1
147.39,136.06,0.2042,2,-1
146.74,132.17,0.2031,2,-1
143.16,126.37,0.2052,2,-1
142.29,123.35,0.2062,2,-1
140.98,116.63,0.2083,2,-1
138.71,111.45,0.2125,2,-1
134.47,110.54,0.2083,2,-1
131.01,109.18,0.2135,2,-1
129.24,102.98,0.2115,2,-1
127.68,96.01,0.2104,2,-1
122.99,91.85,0.2104,2,-1
123.42,87.49,0.2042,2,-1
119.43,85.58,0.1979,2,-1
114.96,81.83,0.2,2,-1
105.38,70.62,0.2031,2,0
105.58,66.96,0.1979,2,0
102.35,59.91,0.1948,2,0
92.96,54.87,0.1823,2,0
87.49,56.57,0.175,2,0
83.88,58.99,0.1677,2,0
83.85,73.05,0.1729,2,0
85.39,76.72,0.1719,2,-1
82.74,66.51,0.1635,2,0
84.41,64.7,0.1604,2,0
81.83,61.08,0.1573,2,0
80.27,65.05,0.1542,2,0
78.86,63.99,0.1562,2,0
78.08,65.61,0.1625,2,0
78.54,66.49,0.1656,2,0
79.17,64.89,0.1656,2,0
79.73,57.08,0.1677,2,0
81.26,58.23,0.1677,2,0
85.93,59.05,0.175,2,0
88.2,63.05,0.175,2,0
98.61,82.6,0.2073,2,-1
103.81,83.48,0.2052,2,-1
105.55,93.22,0.2062,2,-1
108.01,99.57,0.2219,2,-1
119.87,98.85,0.225,2,-1
128.73,120.66,0.2344,2,-1
128.37,127.79,0.2333,2,-1
135.78,140.36,0.2437,2,-1
141.44,137.57,0.2437,2,-1
149.3,136.62,0.2385,2,-1
153.96,137.01,0.2344,2,-1
155.02,137.45,0.2333,2,-1
157.19,147.15,0.2375,2,-1
161.49,149.56,0.2365,2,-1
160.45,150.0,0.2406,2,-1
161.51,150.86,0.2375,2,1
160.89,147.3,0.2323,2,-1
159.35,140.28,0.2313,2,-1
159.35,138.89,0.2292,2,-1
158.5,144.4,0.2281,2,-1
154.44,147.9,0.2292,2,-1
154.41,146.35,0.2323,2,-1
152.34,145.7,0.2323,2,-1
151.28,141.85,0.2333,2,-1
148.5,137.97,0.2354,2,-1
145.03,130.31,0.2354,2,-1
143.07,127.33,0.2365,2,-1
141.82,122.5,0.2344,2,-1
140.23,114.66,0.2344,2,-1
135.98,106.49,0.2365,2,-1
133.06,103.66,0.2323,2,-1
130.82,96.49,0.2302,2,-1
130.58,92.2,0.2302,2,-1
127.51,89.87,0.2323,2,-1
121.35,82.57,0.2313,2,-1
117.26,75.26,0.2281,2,-1
108.23,73.16,0.2313,2,0
104.82,70.33,0.224,2,0
104.43,74.6,0.2229,2,0
100.75,68.7,0.2167,2,0
94.27,60.5,0.2052,2,0
90.2,54.99,0.1979,2,0
85.56,50.5,0.1896,2,0
81.28,62.02,0.1844,2,0
80.4,52.44,0.1802,2,0
78.23,67.8,0.176,2,0
78.34,53.89,0.1719,2,0
73.61,50.34,0.1667,2,0
75.85,48.75,0.1677,2,0
73.94,47.66,0.1615,2,0
74.45,46.92,0.1615,2,0
74.63,47.88,0.1562,2,0
75.78,50.72,0.1583,2,0
77.95,51.54,0.1583,2,0
78.88,60.49,0.1625,2,0
80.22,55.78,0.1667,2,0
81.13,53.23,0.1688,2,0
84.29,58.03,0.1708,2,0
88.92,65.46,0.1771,2,0
95.21,71.9,0.1844,2,0
102.7,80.4,0.1958,2,-1
109.53,97.28,0.2083,2,-1
117.07,104.29,0.2229,2,-1
118.5,101.9,0.2229,2,-1
122.39,110.08,0.2385,2,-1
126.79,99.45,0.2458,2,-1
138.33,118.37,0.2427,2,-1
141.65,129.13,0.2427,2,-1
145.07,130.82,0.2427,2,-1
147.67,134.71,0.2344,2,-1
151.84,137.35,0.226,2,-1
153.4,145.08,0.224,2,-1
154.91,151.8,0.2208,2,1
155.96,152.13,0.2167,2,1
159.29,152.45,0.2125,2,1
161.03,153.18,0.2042,2,1
164.03,156.54,0.201,2,1
164.46,163.77,0.1896,2,1
165.54,169.78,0.1792,2,1
165.59,168.99,0.1792,2,1
168.36,165.85,0.1729,2,1
169.67,165.1,0.1698,2,1
171.13,167.08,0.1604,2,1
172.89,167.33,0.1594,2,1
173.96,165.97,0.1583,2,1
175.03,146.48,0.1688,2,-1
175.68,138.11,0.174,2,-1
176.61,146.16,0.1823,2,-1
173.95,148.3,0.1844,2,-1
174.98,144.46,0.1906,2,-1
175.17,150.11,0.1969,2,1
174.38,167.69,0.2,2,1
174.0,162.67,0.2021,2,1
173.43,171.15,0.2031,2,1
168.14,165.85,0.2062,2,1
155.34,152.92,0.2125,2,1
119.82,147.49,0.2104,2,-1
117.07,146.09,0.2104,2,-1
109.04,159.58,0.2167,2,1
84.16,159.79,0.225,2,1
88.39,155.02,0.226,0,-1
67.56,149.43,0.224,0,-1
56.44,143.77,0.2281,0,-1
48.69,145.04,0.2302,0,-1
43.31,144.44,0.2385,0,-1
41.73,146.02,0.2542,0,-1
41.29,145.06,0.2594,0,-1
43.53,146.37,0.2667,0,-1
40.49,152.86,0.274,0,-1
36.07,153.48,0.275,0,-1
29.74,155.51,0.2812,0,-1
27.11,160.82,0.2823,0,-1
27.04,163.0,0.2875,0,-1
26.73,159.93,0.2885,0,-1
20.67,162.64,0.2896,0,-1
23.31,167.72,0.2917,0,-1
23.23,171.99,0.2938,0,-1
25.27,179.52,0.2906,0,-1
25.06,179.33,0.2917,0,-1
22.38,171.65,0.2896,0,-1
25.74,170.67,0.2833,0,-1
36.23,175.0,0.276,0,-1
46.42,179.51,0.2896,0,-1
61.8,177.63,0.2938,0,-1
87.18,175.43,0.2958,0,-1
85.16,177.55,0.2896,0,-1
109.3,179.8,0.2906,0,-1
113.87,179.51,0.3,2,1
119.78,178.83,0.3021,2,1
123.12,179.66,0.3063,2,1
120.97,178.94,0.3042,2,1
124.49,178.89,0.3052,2,1
132.23,177.2,0.3063,2,1
131.39,177.2,0.3052,2,1
135.29,176.88,0.3052,2,1
137.53,173.42,0.3052,2,1
140.37,172.3,0.3,2,1
145.46,171.23,0.2917,2,1
145.11,169.06,0.2823,2,1
146.68,170.22,0.2802,2,1
150.03,169.21,0.2687,2,1
154.62,171.18,0.2625,2,1
154.37,176.71,0.2594,2,1
156.47,176.29,0.2635,2,1
152.47,173.94,0.2604,2,1
153.52,175.65,0.2615,2,1
156.42,171.03,0.2687,2,1
158.23,171.44,0.2698,2,1
159.1,167.71,0.2781,2,1
155.94,162.69,0.2812,2,1
151.56,162.06,0.2823,2,1
149.05,159.5,0.2833,2,1
145.23,157.91,0.2844,2,1
145.56,159.12,0.2844,2,1
149.73,161.54,0.2823,2,1
151.57,161.18,0.2792,2,1
147.26,165.32,0.2906,2,1
146.58,164.48,0.2927,2,1
147.18,162.85,0.2885,2,1
146.97,159.79,0.2812,2,1
148.68,158.71,0.2812,2,1
148.24,157.68,0.2781,2,1
147.96,158.2,0.2771,2,1
147.51,160.0,0.276,2,1
148.32,160.6,0.276,2,1
145.47,162.81,0.2771,2,1
141.23,163.1,0.2771,2,1
135.18,163.37,0.2729,2,1
129.96,169.81,0.276,2,1
122.21,178.04,0.2719,2,1
120.68,175.61,0.276,2,1
116.57,179.66,0.2781,2,1
114.08,170.76,0.2729,2,1
111.17,157.65,0.2771,2,1
104.04,160.32,0.2833,2,1
106.09,149.43,0.2833,2,-1
104.33,149.38,0.276,2,-1
104.26,147.84,0.2708,2,-1
102.24,143.46,0.2677,2,-1
104.29,144.33,0.2729,2,-1
106.6,152.02,0.2812,2,1
111.24,155.28,0.2875,2,1
112.69,158.07,0.2885,2,1
120.48,154.42,0.2927,2,1
138.41,156.29,0.2823,2,1
149.48,156.09,0.2833,2,1
161.71,158.84,0.2833,2,1
161.7,158.72,0.2833,2,1
170.07,162.3,0.2854,2,1
174.12,178.18,0.2844,2,1
172.61,171.46,0.2844,2,1
168.38,162.01,0.2844,2,1
167.37,157.31,0.2896,2,1
164.85,152.75,0.2927,2,1
163.71,149.57,0.2958,2,-1
162.27,150.6,0.2969,2,1
161.01,147.99,0.2979,2,-1
163.03,147.3,0.2979,2,-1
164.57,148.55,0.2969,2,-1
169.56,151.94,0.2906,2,1
169.22,155.82,0.2875,2,1
170.12,158.2,0.2844,2,1
169.33,160.77,0.2802,2,1
169.69,161.33,0.2677,2,1
168.59,160.96,0.2677,2,1
168.44,164.34,0.2687,2,1
168.6,168.31,0.2667,2,1
167.12,167.21,0.2677,2,1
165.11,166.85,0.2687,2,1
164.37,165.3,0.2729,2,1
167.01,167.06,0.276,0,1
171.9,170.63,0.276,0,1
169.99,169.66,0.276,0,1
172.31,169.52,0.2771,0,1
170.2,168.58,0.2792,0,1
171.53,171.52,0.2823,0,1
171.84,170.21,0.2823,0,1
174.14,164.75,0.2823,0,-1
175.31,160.46,0.2812,0,-1
171.75,157.17,0.2812,0,-1
168.12,156.75,0.2823,0,-1
166.97,153.98,0.2812,0,-1
168.69,155.32,0.2802,0,-1
168.67,155.69,0.2792,0,-1
168.26,159.86,0.2781,0,-1
166.08,159.86,0.2781,0,-1
163.5,163.4,0.2771,0,-1
163.25,169.9,0.274,0,-1
164.63,175.98,0.2719,0,-1
165.7,179.19,0.2719,0,1
163.56,174.26,0.2677,0,-1
161.18,169.38,0.2687,0,-1
160.27,167.11,0.2687,0,-1
160.27,166.24,0.2677,0,-1
158.07,160.03,0.2646,0,-1
151.97,161.53,0.2635,0,-1
152.74,163.56,0.2615,0,-1
149.48,165.12,0.2594,0,-1
146.08,167.52,0.2573,0,-1
149.58,167.25,0.2594,0,-1
150.79,170.52,0.2583,0,-1
157.24,170.87,0.2552,0,-1
155.55,173.42,0.2469,0,-1
155.69,171.75,0.2375,0,-1
157.56,171.6,0.2344,0,-1
161.91,169.23,0.2229,0,-1
166.01,166.75,0.2115,0,1
169.27,163.12,0.1948,0,-1
172.5,162.48,0.174,0,-1
176.5,164.2,0.1583,0,-1
178.85,163.81,0.1573,0,-1
178.84,163.11,0.1396,0,-1
175.9,162.19,0.1115,0,-1
173.22,166.62,0.0917,0,1
170.32,163.92,0.074,0,-1
169.56,159.42,0.0656,0,-1
170.78,159.02,0.0604,0,-1
175.58,157.76,0.0563,0,-1
174.28,162.37,0.0542,0,-1
173.91,163.9,0.0479,0,-1
171.66,164.44,0.0427,0,-1
177.72,167.59,0.051,0,1
175.18,169.76,0.0531,0,1
177.75,173.69,0.049,0,1
179.09,170.53,0.051,0,1
178.6,169.91,0.0479,0,1
177.75,178.35,0.049,0,1
178.35,175.55,0.0187,0,1
177.12,176.8,0.0271,0,1
178.7,175.95,0.0135,0,1
177.82,178.53,0.0083,0,1
175.83,176.86,0.0104,0,1
174.39,178.36,-0.0146,0,1
178.72,179.83,-0.0115,0,1
177.86,178.55,-0.0167,0,1
175.7,177.53,0.024,0,1
179.13,178.86,0.0625,0,1
172.73,178.03,0.0344,0,1
169.83,179.6,0.0219,0,1
161.47,178.02,-0.0198,0,-1
146.37,173.78,0.0031,0,-1
149.76,175.59,-0.0437,0,-1
157.96,175.91,-0.0625,0,-1
159.52,177.43,-0.0823,0,-1
160.04,177.87,-0.0917,0,-1
161.13,177.51,-0.0938,0,-1
166.74,179.58,-0.0896,0,1
170.29,179.16,-0.1083,0,1
168.41,177.16,-0.0844,0,1
165.41,176.4,-0.0844,0,1
165.51,163.65,-0.076,0,-1
163.8,165.53,-0.0594,0,-1
160.06,159.91,-0.0604,0,-1
153.84,165.33,-0.051,0,-1
152.57,167.97,-0.0469,0,-1
147.81,174.56,-0.0521,0,-1
158.09,175.02,-0.0563,0,-1
112.99,170.61,-0.0521,0,-1
138.37,179.65,-0.0333,0,-1
136.92,178.59,-0.0385,0,-1
171.96,178.73,-0.0708,0,1
170.25,178.85,-0.0406,0,1
170.73,179.99,-0.0333,0,1
169.74,178.34,-0.0406,0,1
172.84,175.85,-0.0448,0,1
170.8,174.92,-0.0354,0,1
175.09,176.24,-0.0292,0,1
177.19,178.08,-0.0156,0,1
173.52,177.88,0.0,0,1
171.25,179.82,-0.0292,0,1
166.8,178.28,-0.0365,0,1
164.66,179.11,-0.0365,0,-1
177.88,178.1,-0.0396,0,1
167.14,179.37,-0.0552,0,1
160.29,179.32,-0.0646,0,-1
159.36,178.48,-0.0719,0,-1
157.79,177.09,-0.0677,0,-1
175.29,175.73,-0.0594,0,1
178.5,174.84,-0.051,0,1
175.22,175.74,-0.049,0,1
175.92,175.8,-0.0448,0,1
177.32,175.35,-0.0396,0,1
174.73,178.73,-0.0292,0,1
173.9,179.22,-0.0365,0,1
176.65,179.22,-0.0344,0,1
176.55,179.44,-0.0271,0,1
174.75,179.79,-0.0104,0,1
174.44,178.48,-0.0094,0,1
176.21,178.59,0.026,0,1
177.29,168.96,0.051,0,1
175.44,166.37,0.0771,0,1
173.4,166.78,0.0677,0,1
174.62,179.62,0.0604,0,1
176.99,176.16,0.0646,0,1
177.52,175.98,0.05,0,1
177.43,176.34,0.0448,0,1
178.09,177.13,0.0302,0,1
177.78,177.77,0.0167,0,1
177.77,178.3,0.0146,0,1
177.77,179.96,0.0146,0,1
179.79,177.25,-0.0073,0,1
179.78,180.0,0.0198,0,1
178.38,179.92,0.0323,0,1
179.68,178.64,0.0219,0,1
176.62,176.19,0.0198,0,1
179.53,175.81,0.0135,0,1
178.08,174.95,-0.0063,0,1
167.66,175.8,-0.0094,0,1
174.08,176.28,-0.0406,0,1
177.0,175.21,-0.0375,0,1
177.72,176.09,-0.0344,0,1
176.94,175.32,-0.0354,0,1
176.93,176.09,-0.0344,0,1
178.59,177.43,-0.0125,0,1
175.71,179.39,-0.0198,0,1
171.53,179.27,-0.0021,0,1
171.8,179.23,0.0052,0,1
170.38,177.97,0.026,0,1
169.79,177.53,0.0552,0,1
169.11,177.85,0.075,0,1
168.48,175.07,0.0885,0,1
168.48,174.81,0.0979,0,1
169.2,173.66,0.1187,0,1
168.78,174.37,0.1083,0,1
167.72,173.95,0.1187,0,1
169.03,173.95,0.1208,0,1
168.48,172.32,0.1302,0,1
168.2,172.73,0.1385,0,1
168.2,173.13,0.1448,0,1
168.32,173.19,0.1406,0,1
167.6,174.83,0.1427,0,1
168.02,172.81,0.1375,0,1
167.77,172.47,0.1333,0,1
167.74,172.07,0.1323,0,1
167.7,172.53,0.1292,0,1
167.68,173.37,0.126,0,1
167.81,173.72,0.124,0,1
172.98,173.6,0.1042,0,1
173.07,173.91,0.0927,0,1
172.3,174.21,0.0865,0,1
169.93,174.58,0.0646,0,1
168.61,175.45,0.0688,0,1
175.56,175.45,0.0688,0,1
164.0,173.84,0.0656,0,-1
176.53,173.84,0.0667,0,1
178.78,175.46,0.0604,0,1
178.36,175.03,0.0604,0,1
174.56,175.09,0.0625,0,1
173.11,175.09,0.0604,0,1
172.97,175.89,0.0646,0,1
170.87,175.12,0.0719,0,1
171.58,175.12,0.0729,0,1
171.03,175.52,0.074,0,1
171.7,175.52,0.0781,0,1
172.36,174.72,0.0792,0,1
175.21,175.14,0.0813,0,1
175.17,175.13,0.0833,0,1
175.22,174.69,0.0781,0,1
175.15,175.1,0.074,0,1
174.41,176.31,0.0771,0,1
175.71,177.17,0.0844,0,1
174.92,178.41,0.0854,0,1
174.88,178.44,0.0885,0,1
174.08,179.46,0.0875,0,1
176.23,176.36,0.0844,0,1
175.99,171.51,0.0865,0,1
177.56,170.08,0.0854,0,1
178.26,166.34,0.0781,0,1
179.89,162.71,0.074,0,-1
178.49,158.85,0.0646,0,-1
174.08,152.72,0.0542,0,-1
167.99,146.99,0.0542,0,-1
152.89,142.2,0.0604,0,-1
138.96,141.48,0.0563,0,-1
141.92,137.88,0.0458,0,-1
143.06,134.93,0.0385,0,-1
131.93,128.64,0.05,0,-1
119.92,123.0,0.0302,0,-1
113.07,121.44,0.0229,0,-1
107.84,118.64,0.025,0,-1
88.19,114.89,0.0156,0,-1
74.31,111.76,-0.0052,0,-1
74.47,109.15,0.0,0,-1
65.81,111.61,-0.0094,0,-1
60.32,106.88,-0.0292,0,-1
56.71,104.71,-0.0344,0,-1
62.91,105.54,-0.0385,0,-1
63.64,105.88,-0.0365,0,-1
56.42,106.41,-0.0417,0,-1
51.88,104.56,-0.0677,0,-1
55.35,102.97,-0.0604,0,-1
60.35,103.42,-0.051,0,-1
51.77,101.63,-0.0563,0,-1
47.1,100.25,-0.076,0,-1
30.14,100.47,-0.0688,0,-1
29.18,99.3,-0.0667,0,-1
22.03,99.41,-0.0604,0,-1
34.54,100.78,-0.0417,0,-1
41.74,99.02,-0.0396,0,-1
66.96,103.49,-0.0208,0,-1
95.94,110.44,-0.0052,0,-1
124.26,117.26,0.0146,0,-1
140.49,124.93,0.025,0,-1
138.34,126.78,0.0198,0,-1
146.59,141.89,0.0563,0,-1
145.64,145.83,0.0635,0,-1
147.47,149.97,0.0625,0,-1
169.58,156.53,0.0542,0,-1
178.77,165.0,0.0542,0,1
173.63,174.81,0.051,0,1
164.66,178.2,0.0625,0,-1
165.1,178.22,0.0615,0,1
166.8,172.49,0.0677,0,1
168.4,171.68,0.0719,0,1
168.78,169.23,0.0781,0,1
172.73,168.86,0.0813,0,1
168.53,168.09,0.0823,0,1
165.7,168.19,0.0844,0,1
165.7,167.38,0.0854,0,1
167.09,169.06,0.0833,0,1
167.05,169.02,0.0813,0,1
167.17,169.01,0.0823,0,1
167.13,169.77,0.0813,0,1
167.92,170.15,0.0802,0,1
167.92,171.02,0.0813,0,1
167.96,171.85,0.0813,0,1
167.09,172.73,0.0802,0,1
167.93,173.61,0.0854,0,1
167.13,174.06,0.0844,0,1
167.81,175.29,0.0938,0,1
167.69,176.56,0.0969,0,1
168.87,179.6,0.1,0,1
164.33,177.36,0.1042,0,-1
171.46,172.43,0.1073,0,1
173.5,166.92,0.0979,0,1
175.82,164.9,0.0938,0,-1
168.77,160.76,0.0865,0,-1
162.94,158.35,0.0781,0,-1
151.64,150.5,0.0719,0,-1
141.59,143.67,0.0667,0,-1
136.63,136.48,0.0521,0,-1
135.87,126.9,0.0594,0,-1
131.5,122.4,0.0594,0,-1
121.1,121.35,0.0521,0,-1
109.65,115.7,0.0542,0,-1
99.53,108.25,0.0333,0,-1
97.18,107.69,0.0042,0,-1
87.79,103.21,-0.0292,0,-1
86.03,99.09,-0.0312,0,-1
85.5,97.29,-0.0396,0,-1
83.7,93.32,-0.0406,0,-1
86.1,92.2,-0.0417,0,-1
91.1,91.99,-0.0448,0,-1
89.88,91.42,-0.0531,0,-1
79.26,94.53,-0.0563,0,-1
71.13,93.49,-0.0615,0,-1
73.21,94.37,-0.0615,0,-1
73.55,94.72,-0.0604,0,-1
74.59,94.49,-0.0573,0,-1
75.77,93.15,-0.0625,0,-1
76.84,93.75,-0.0635,0,-1
74.16,95.99,-0.0542,0,-1
78.14,98.03,-0.0427,0,-1
89.4,104.16,-0.0031,0,-1
110.4,115.64,0.0292,0,-1
130.46,121.03,0.0437,0,-1
135.38,129.81,0.0594,0,-1
132.93,130.79,0.0646,0,-1
140.88,134.83,0.0781,0,-1
150.87,146.41,0.0917,0,-1
174.52,154.87,0.1042,0,-1
174.74,167.41,0.1208,0,1
169.51,175.3,0.124,0,1
168.88,176.71,0.125,0,1
166.09,175.79,0.1271,0,1
166.99,171.32,0.1302,0,1
167.1,169.77,0.126,0,1
168.57,169.39,0.125,0,1
168.65,168.2,0.125,0,1
168.68,169.04,0.124,0,1
168.11,169.87,0.1229,0,1
168.07,169.52,0.124,0,1
168.78,169.45,0.124,0,1
168.68,169.8,0.1219,0,1
168.68,170.22,0.1177,0,1
168.68,169.45,0.1177,0,1
167.89,168.92,0.1219,0,1
167.76,168.95,0.1229,0,1
166.93,169.3,0.1271,0,1
167.06,170.14,0.1281,0,1
168.54,171.78,0.1281,0,1
167.81,173.07,0.126,0,1
167.69,174.3,0.125,0,1
167.01,175.56,0.126,0,1
167.44,178.77,0.1219,0,1
168.49,176.63,0.1156,0,1
172.16,168.65,0.1062,0,1
174.4,166.22,0.1031,0,1
176.18,160.35,0.099,0,-1
177.06,154.33,0.0938,0,-1
165.3,145.43,0.0844,0,-1
156.39,136.55,0.0823,0,-1
158.84,133.9,0.0875,0,-1
141.48,129.22,0.0802,0,-1
127.83,123.39,0.0656,0,-1
127.01,123.9,0.0615,0,-1
123.42,120.1,0.0521,0,-1
114.95,114.62,0.0479,0,-1
105.55,112.0,0.024,0,-1
98.02,107.4,0.001,0,-1
93.87,104.23,-0.0125,0,-1
89.94,101.82,-0.0094,0,-1
86.53,99.65,-0.0135,0,-1
85.99,98.26,-0.0135,0,-1
80.42,98.31,-0.0312,0,-1
81.75,96.43,-0.0094,0,-1
79.5,96.18,-0.0198,0,-1
80.53,94.63,-0.0208,0,-1
83.05,95.11,-0.0198,0,-1
83.28,94.82,-0.0177,0,-1
85.24,95.11,-0.0177,0,-1
91.93,95.29,0.0177,0,-1
91.22,98.29,0.0156,0,-1
98.48,101.67,0.0375,0,-1
105.21,105.38,0.0375,0,-1
104.82,115.1,0.0552,0,-1
115.12,129.39,0.0771,0,-1
150.11,136.64,0.0865,0,-1
164.23,144.68,0.0979,0,-1
168.15,145.95,0.1,0,-1
177.36,151.96,0.0979,0,-1
179.56,164.2,0.1094,0,-1
174.58,177.28,0.1198,0,1
169.81,174.2,0.1115,0,1
168.39,169.46,0.1156,0,1
168.45,167.79,0.1083,0,1
167.25,167.84,0.1135,0,1
166.8,168.42,0.1167,0,1
166.8,166.73,0.1146,0,1
164.72,167.94,0.1229,0,-1
166.2,167.99,0.1271,0,1
164.85,168.34,0.125,0,-1
164.08,169.66,0.1219,0,-1
165.47,168.51,0.1271,0,1
164.97,169.76,0.1281,0,-1
165.83,169.76,0.1302,0,1
165.9,169.86,0.1313,0,1
166.61,169.86,0.1313,0,1
165.92,170.66,0.1313,0,1
165.88,171.45,0.1302,0,1
164.96,171.45,0.1292,0,-1
165.91,173.85,0.1292,0,1
176.03,176.35,0.125,0,1
176.3,179.7,0.1187,0,1
177.73,177.03,0.1198,0,1
176.93,171.86,0.1125,0,1
179.31,164.76,0.1062,0,-1
179.22,160.23,0.1073,0,-1
176.48,155.44,0.101,0,-1
174.53,154.87,0.0979,0,-1
171.47,146.98,0.0885,0,-1
168.43,142.16,0.0885,0,-1
168.17,141.89,0.0875,0,-1
162.46,138.22,0.0927,0,-1
158.3,133.41,0.0958,0,-1
151.34,129.72,0.0906,0,-1
144.37,126.37,0.0833,0,-1
142.93,126.58,0.0865,0,-1
134.9,125.27,0.0854,0,-1
123.36,116.42,0.0771,0,-1
121.91,112.24,0.0698,0,-1
115.86,106.49,0.0594,0,-1
111.07,102.76,0.0437,0,-1
107.59,101.11,0.0146,0,-1
108.85,100.66,-0.0146,0,-1
92.1,96.6,-0.0125,0,-1
90.46,96.23,-0.0281,0,-1
91.38,95.51,-0.024,0,-1
87.92,94.27,-0.026,0,-1
89.57,91.0,-0.0302,0,-1
88.4,89.67,-0.0365,0,-1
89.28,90.71,-0.0375,0,-1
90.35,90.76,-0.0385,0,-1
89.36,92.62,-0.0375,0,-1
93.69,92.33,-0.024,0,-1
104.39,98.35,0.0271,0,-1
103.28,101.54,0.0312,0,-1
110.57,102.57,0.0615,0,-1
121.0,112.94,0.0719,0,-1
131.66,121.69,0.076,0,-1
139.39,133.24,0.0896,0,-1
158.51,141.33,0.0938,0,-1
163.14,143.39,0.0865,0,-1
170.87,149.09,0.0979,0,-1
178.51,162.75,0.1146,0,-1
175.63,171.03,0.1313,0,1
174.96,179.12,0.1281,0,1
172.76,171.17,0.1365,0,1
170.48,169.35,0.1458,0,1
168.46,167.45,0.151,0,1
168.33,167.34,0.1469,0,1
168.46,167.68,0.15,0,1
167.09,168.53,0.1573,0,1
168.45,169.75,0.1583,0,1
168.33,170.09,0.1562,0,1
168.98,171.32,0.1594,0,1
169.11,172.57,0.1615,0,1
168.45,173.01,0.1625,0,1
167.63,175.64,0.1615,0,1
172.45,179.07,0.1562,0,1
175.82,174.89,0.15,0,1
176.59,172.65,0.1469,0,1
179.55,165.78,0.1469,0,1
175.29,160.69,0.1365,0,-1
173.09,155.84,0.126,0,-1
172.61,147.86,0.1156,0,-1
172.48,144.89,0.1135,0,-1
169.95,141.28,0.1115,0,-1
166.76,135.56,0.1104,0,-1
161.28,129.24,0.0969,0,-1
159.36,125.45,0.0865,0,-1
149.97,117.99,0.0729,0,-1
142.33,107.66,0.051,0,-1
122.8,101.8,0.0406,0,-1
119.8,98.87,0.0385,0,-1
110.64,95.39,0.0302,0,-1
105.6,90.89,0.0,0,-1
88.49,88.52,-0.0385,0,-1
87.78,85.94,-0.0563,0,-1
87.91,87.48,-0.0542,0,-1
81.66,87.16,-0.0698,0,-1
81.21,81.03,-0.0667,0,-1
82.67,80.02,-0.0708,0,-1
84.72,78.52,-0.0635,0,-1
89.07,81.4,-0.0552,0,-1
93.23,85.49,-0.0458,0,-1
97.89,86.96,-0.0417,0,-1
106.35,92.8,-0.0021,0,-1
124.72,103.01,0.0625,0,-1
128.54,114.33,0.0667,0,-1
144.69,122.05,0.0792,0,-1
149.65,124.64,0.0865,0,-1
154.09,132.8,0.099,0,-1
159.7,141.08,0.1146,0,-1
164.43,148.82,0.124,0,-1
171.39,156.44,0.1292,0,-1
177.77,166.75,0.1365,0,1
177.1,177.49,0.1406,0,1
172.68,173.82,0.1448,0,1
171.75,173.82,0.1448,0,1
169.0,171.81,0.1479,0,1
167.57,170.45,0.15,0,1
169.14,171.36,0.151,0,1
170.44,171.65,0.149,0,1
170.43,172.19,0.15,0,1
170.57,171.83,0.1521,0,1
169.77,171.83,0.1573,0,1
169.77,179.03,0.1583,0,1
169.9,176.56,0.1635,0,1
170.57,175.75,0.1635,0,1
170.7,175.24,0.1615,0,1
170.7,175.24,0.1625,0,1
170.7,175.17,0.1604,0,1
170.17,175.98,0.1604,0,1
170.17,177.57,0.1573,0,1
170.79,178.82,0.1552,0,1
170.79,179.87,0.1531,0,1
172.03,176.85,0.15,0,1
175.8,174.16,0.1437,0,1
178.08,169.12,0.1437,0,1
178.83,163.21,0.1354,0,-1
177.81,156.46,0.124,0,-1
174.0,151.22,0.1187,0,-1
174.0,149.05,0.1187,0,-1
169.38,144.98,0.1156,0,-1
165.78,141.06,0.1156,0,-1
161.49,137.78,0.1042,0,-1
157.3,134.13,0.099,0,-1
151.17,126.1,0.0844,0,-1
150.07,124.19,0.0833,0,-1
134.19,103.94,0.0542,0,-1
128.75,100.18,0.051,0,-1
109.49,97.94,0.0427,0,-1
97.39,94.31,0.0094,0,-1
84.01,95.15,-0.0063,0,-1
88.92,92.71,-0.0021,0,-1
81.05,89.0,-0.0073,0,-1
82.64,90.68,-0.0333,0,-1
77.71,88.6,-0.0437,0,-1
80.08,89.18,-0.0563,0,-1
79.22,84.32,-0.0583,0,-1
79.74,83.54,-0.0583,0,-1
83.6,84.88,-0.0563,0,-1
83.76,83.84,-0.0521,0,-1
82.44,86.6,-0.0521,0,-1
84.45,88.35,-0.0479,0,-1
93.1,88.66,-0.0042,0,-1
101.74,94.81,0.0365,0,-1
105.88,96.89,0.0323,0,-1
110.33,101.28,0.0458,0,-1
125.34,109.52,0.0719,0,-1
136.39,121.26,0.0865,0,-1
149.29,127.81,0.1,0,-1
152.03,130.8,0.1042,0,-1
153.67,143.84,0.1177,0,-1
164.43,146.13,0.1156,0,-1
170.92,153.46,0.1167,0,-1
173.26,158.89,0.1208,0,-1
179.12,169.93,0.1167,0,1
175.8,172.18,0.1271,0,1
171.25,173.54,0.1313,0,1
169.65,173.72,0.1344,0,1
168.79,177.72,0.126,0,1
167.99,176.62,0.1365,0,1
168.52,173.82,0.1396,0,1
174.55,170.8,0.1437,0,1
175.99,169.92,0.1427,0,1
165.59,167.95,0.1417,0,1
163.75,169.72,0.1417,0,-1
154.34,179.6,0.1375,0,-1
127.65,177.8,0.1448,0,-1
103.01,179.42,0.1281,0,-1
78.86,179.1,0.1375,0,-1
76.23,179.45,0.1479,0,-1
51.78,178.84,0.1521,0,-1
51.55,177.9,0.1594,0,-1
51.7,179.07,0.1625,0,-1
46.09,178.21,0.1656,0,-1
43.79,178.21,0.176,0,-1
40.48,178.89,0.1844,0,-1
40.82,178.89,0.1865,0,-1
44.69,179.71,0.1875,0,-1
51.67,178.11,0.1906,0,-1
81.03,178.61,0.1812,0,-1
153.43,176.55,0.1833,0,-1
165.68,175.41,0.1729,0,1
160.97,175.39,0.1719,0,-1
164.81,179.42,0.1708,0,-1
167.3,177.0,0.174,0,1
173.86,176.05,0.1323,0,1
178.63,177.73,0.1292,0,1
177.0,175.42,0.1177,0,1
176.45,172.03,0.1042,0,1
174.8,172.97,0.1042,0,1
174.85,173.24,0.099,0,1
175.93,173.14,0.0948,0,1
176.62,170.82,0.0885,0,1
179.58,172.0,0.0833,0,1
179.85,172.57,0.0844,0,1
179.67,172.77,0.0813,0,1
177.62,173.72,0.0781,0,1
165.74,174.76,0.1021,0,1
169.13,176.06,0.1187,0,1
171.93,175.43,0.1187,0,1
164.74,177.43,0.1302,0,-1
167.07,177.62,0.1292,0,1
162.74,178.32,0.1448,0,-1
167.57,176.2,0.1427,0,1
165.98,175.85,0.1385,0,1
156.69,176.65,0.1208,0,-1
150.42,175.68,0.1115,0,-1
144.17,176.25,0.1135,0,-1
143.39,177.77,0.1396,0,-1
148.7,177.21,0.1344,0,-1
150.94,170.72,0.1667,0,-1
142.3,179.65,0.1781,0,-1
153.1,179.59,0.1844,0,-1
173.23,177.76,0.1562,0,1
175.32,178.76,0.1625,0,1
178.6,173.69,0.1552,0,1
168.22,177.56,0.1656,0,1
169.59,172.3,0.1792,0,1
167.27,167.3,0.1917,0,1
172.19,170.97,0.201,0,1
173.11,168.76,0.2146,0,1
178.94,165.14,0.2219,0,1
176.56,166.32,0.2333,0,1
172.41,167.95,0.2344,0,1
173.16,172.11,0.2437,0,1
173.7,178.03,0.2469,0,1
171.4,177.74,0.2469,0,1
176.3,175.01,0.2469,0,1
176.53,167.59,0.251,0,1
179.86,165.38,0.2562,0,1
179.71,162.21,0.2615,0,-1
177.92,164.91,0.2615,0,-1
175.55,162.94,0.2646,0,-1
174.64,162.76,0.2687,0,-1
175.77,162.17,0.2729,0,-1
175.04,163.4,0.2729,0,-1
173.41,163.27,0.2771,0,-1
171.82,166.64,0.2792,0,1
170.31,166.69,0.2812,0,1
164.79,170.04,0.2802,0,-1
167.67,170.13,0.2823,0,1
170.06,175.09,0.2854,0,1
169.29,179.41,0.2917,0,1
174.88,175.88,0.2979,0,1
174.06,177.64,0.299,0,1
175.82,176.59,0.3021,0,1
174.42,176.97,0.3031,0,1
175.29,177.62,0.3042,0,1
173.18,178.14,0.3052,0,1
175.2,177.54,0.3063,0,1
174.61,177.02,0.3073,0,1
175.64,178.26,0.3083,0,1
174.54,175.56,0.3135,0,1
175.22,174.63,0.3208,0,1
178.61,173.27,0.3271,0,1
179.93,173.03,0.3344,0,1
176.8,171.39,0.3333,0,1
177.82,173.06,0.3333,0,1
178.97,170.3,0.3312,0,1
177.65,170.02,0.3344,0,1
174.31,172.63,0.3312,0,1
174.19,173.16,0.3333,0,1
174.09,173.43,0.3375,0,1
172.33,173.43,0.3396,0,1
174.63,173.87,0.3406,0,1
